tau,winner,challenger,DM,p,Sig,conclusion,delta_loss_mean,n,DM_MODE,SHIFT_MODE,HAC_lag,window_start,window_end
1,CatBoost,LightGBM,-3.7138677673941762,0.00032619239832398783,***,CatBoost better,-7.859294225824208e-05,108,raw_mse,TARGET,0,2012-08,2021-07
1,CatBoost,ARIMA,-4.0830006029410875,8.599401856468347e-05,***,CatBoost better,-0.0004304887746397271,108,raw_mse,TARGET,0,2012-08,2021-07
3,CatBoost,GBM,-2.5188064719795085,0.013254501818681375,**,CatBoost better,5.617698621218797e-10,108,raw_mse,TARGET,2,2012-08,2021-07
3,CatBoost,LightGBM,-4.548298913188914,1.4322152205759053e-05,***,CatBoost better,-2.6597581377679735e-05,108,raw_mse,TARGET,2,2012-08,2021-07
3,CatBoost,ARIMA,-4.3334401174983235,3.3259462766555004e-05,***,CatBoost better,-0.0007820878695980165,108,raw_mse,TARGET,2,2012-08,2021-07
6,XGBoost,GBM,-1.6860983875575701,0.09469075151040873,*,XGBoost better,5.1255431690785904e-05,108,raw_mse,TARGET,5,2012-08,2021-07
6,XGBoost,LightGBM,-3.7175482447872494,0.00032201714857116315,***,XGBoost better,2.5861086853278206e-05,108,raw_mse,TARGET,5,2012-08,2021-07
6,XGBoost,ARIMA,-4.239740277580033,4.765046551979957e-05,***,XGBoost better,-0.003395456639448616,108,raw_mse,TARGET,5,2012-08,2021-07
9,GBM,ARIMA,-3.795305444673283,0.0002448063704438841,***,GBM better,-0.017547614859943772,108,raw_mse,TARGET,8,2012-08,2021-07
